INSERT INTO utilisateur (login, nomUt, prenomUt,AdresseUt,mdpUt) VALUES ('root', 'root',  'root', '', 'root');
INSERT INTO utilisateur (login, nomUt, prenomUt,AdresseUt,mdpUt) VALUES ('yohann', 'hako',  'root', '', 'root');
INSERT INTO programmeur (login, nomUt, prenomUt,AdresseUt,mdpUt) VALUES ('root', 'root',  'root', '', 'root');
INSERT INTO spectacle(numSpect,nomSpect,description) VALUES (1,'Spectacle 1','Description Spectacle 1');
INSERT INTO spectacle(numSpect,nomSpect,description) VALUES (2,'Spectacle 2','Description Spectacle 2');
INSERT INTO spectacle(numSpect,nomSpect,description) VALUES (3,'Spectacle 3','Description Spectacle 3');
INSERT INTO dateT(jour,heure) VALUES ('2015-04-04',17);
INSERT INTO dateT(jour,heure) VALUES ('2015-05-04',14);
INSERT INTO dateT(jour,heure) VALUES ('2015-06-04',18);
INSERT INTO dateT(jour,heure) VALUES ('2015-04-04',20);
INSERT INTO dateT(jour,heure) VALUES ('2015-03-04',18);
--INSERT INTO representation(idRepres,numSpect,nbrPlace,jour,heure,numSalle) VALUES (1,3,90,'2015-04-04',17,2);
--INSERT INTO representation(idRepres,numSpect,nbrPlace,jour,heure,numSalle) VALUES (2,1,90,'2015-05-04',14,1);
--INSERT INTO representation(idRepres,numSpect,nbrPlace,jour,heure,numSalle) VALUES (3,3,90,'2015-06-04',18,2);
--INSERT INTO representation(idRepres,numSpect,nbrPlace,jour,heure,numSalle) VALUES (4,2,90,'2015-03-04',18,3);
 insert into representation (numSpect,nbrPlace,jour,heure,numSalle) VALUES(1,90,'2015-04-24',17,1);
 insert into representation (numSpect,nbrPlace,jour,heure,numSalle) VALUES(2,90,'2015-04-24',19,1);
 insert into representation (numSpect,nbrPlace,jour,heure,numSalle) VALUES(2,90,'2016-04-24',19,1);
insert into representation (numSpect,nbrPlace,jour,heure,numSalle) VALUES(1,90,'2015-01-05',17,3); 
 insert into representation (numSpect,nbrPlace,jour,heure,numSalle) VALUES(3,90,'2016-04-24',19,2);
insert into representation (numSpect,nbrPlace,jour,heure,numSalle) VALUES(3,100,'2015-01-07',18,3); 

